ip_address,field1,field2
107.104.39.144,TRoSSnRlIaxfp,uFRmrTWpQ
78.194.160.176,EFjquBqz,HABFseQuAeucw
169.51.165.2,PlJSosBpGZkV,hOGagGHrsHSBpJ
167.218.161.199,oxGKYSQOnEC,VVDkLWXSusMd
25.131.218.102,yJhKwdznlveLDFA,VYRNtVCPyoi
44.242.247.6,IFcLFIMGQWPF,pMiblGgGTN
112.113.70.116,dCbeBtfvBOljw,NKtveWEknEAvnob
149.20.194.128,MQLnLfBC,mukaXiyYKvse
255.191.150.10,BUvlCpr,fTUaaEYhq
76.66.149.223,OqfaQULYrptB,obaetzlIKJ
4.66.202.118,VGwcdKie,xYPnhowMQxgMX
216.191.83.204,maBggiH,OvAWYJKZnjtkNO
221.30.230.137,fnrsWJckcx,jVfEUBzbDXOIvf
8.42.108.185,QxsfP,mSLhlnDqEqeAWg
123.117.201.37,rTLkuDjGNZDLZn,jUJSxyFiGCQh
113.34.134.17,JBPQNFKtkxFX,eKlbqsTFcl
248.50.34.250,kvFveXgxpQcYBaM,uUYhpdwx
129.143.102.43,zaBmGB,GWQXVJhVvvfulcD
53.167.220.151,UHwWqg,VGgKFaKlTeXFd
47.99.252.192,xpfSGSvQhMFgSXJ,TDgKUJEBQtGfR
6.67.5.7,qvUseM,qEDlYXXLUKMDpTp
152.58.25.35,MqiEvwRj,ZYJBA
158.252.205.55,IcmLFqDIECzv,WLiUmJdeBf
196.140.238.165,ALEgBWFlZgAFG,HIFGjBcy
53.11.45.29,XWNTvMjWq,MAcVkiRvE
213.82.100.243,PmGVyZZTP,TmnOjIQIkfIz
76.226.9.143,sAhKifBVd,LOoGv
163.213.216.255,IKptl,zJTseyg
41.190.14.136,QJMmHddS,icctBiLZtZrp
26.76.1.133,yuGsePtwMPbeXZ,pDrqwGrjIpEAVc
121.255.248.171,vCkbZpCbe,wbBnNsj
120.54.159.53,mNYmZwleMHkB,KajZtfiIgLnB
230.208.45.28,rjVSRtKWp,kbqiWbUelpga
189.201.156.223,RLOZEqcjo,fpgRgQqlDfkQK
86.57.169.111,EcEzMaszHyOI,hXOBWX
137.192.208.253,JiPsVK,yTzQzlHZM
16.115.132.55,BcICszwA,LIjXLsFElZwFrU
107.101.24.28,PVJdrScd,bErse
210.219.179.253,BqomYQvGDHNqTwx,LEfekWACBNMPQaO
213.218.101.158,aXlzSQOW,UpZdzgfYAhbcJ
120.117.33.9,wVmudnsxtBS,lllfflhyu
91.214.176.135,hFgCPtc,GbEkwi
222.195.90.100,AJezBHIVFjhqhnn,ucKJb
161.96.226.10,YIJwC,slgPupAQQe
109.138.228.155,bjVqroimOfJs,gOROcVZAwanndxu
167.62.232.133,SJmQZnn,zvAUWkZmVezY
143.47.28.31,UwGcvmTUzhCtlrL,rjTYPOCOdyV
19.187.116.22,oDQByKStTCXNMAX,ThhejZcVM
5.157.29.106,nwxYHCxR,KxxjGgPj
16.71.53.242,arDKHBOHJOcHZb,DIvgwtzRFj
189.248.31.144,zUOCaORRLHZfphI,vXUrimY
152.210.240.235,unmSlUqs,Ybiyvmjp
223.79.171.219,irqFArBkeOlx,MJMrWAhkPKENz
14.227.157.157,hPcJg,ZVSaRZXZ
229.207.91.74,EMMSYut,chBtCM
234.244.157.210,izaMm,tUTUTJKoJd
240.90.159.87,qoCcQQNXXXTvLA,eAlPqaqCVHRKWAg
116.17.158.254,dvYnsUB,AYBtx
193.223.20.212,UXxcY,OyWqCuJow
84.52.165.164,HqnDQieguPLjrK,sbobuMTbZzMDi
66.64.146.154,iHFbCGiKQODMvkT,JDWSoTldhlKY
88.17.67.73,WYXqCgUWothX,ukFLvReRaoWffQ
131.184.89.192,XLlUFUfkdMPhM,AEWmr
85.172.91.80,fyomCxZIMo,jkkdifpu
239.80.233.100,DKgiByKpLjXYFD,hwsaE
168.179.154.223,zmkXLbn,JAjWkLo
175.75.165.177,jSRGXL,YPpidg
229.142.115.103,xJSXHeFIGezpi,juhFyxrQWYXQQt
116.31.160.140,LdiMUuVczSB,JCqWk
183.172.104.213,xRRtHtbZCeogYA,SvijKHCkfuf
204.154.143.79,wjhlKv,pTOhjUomxaBX
18.78.210.163,XtNKwFyyiKBd,JCXak
161.137.37.10,ympjuusRYRxkVp,LOnmyHgdyR
238.222.205.64,iikFkuGLoeZe,wHXuHFOo
154.162.12.81,hULmKOYy,ZLCJc
86.83.225.82,gQBUpUJXucAtrSl,uDkeYczCTKHDYe
230.108.87.103,srdEywP,VdNDXNbuvN
9.246.210.175,CJJeFPjxaGDoTB,twkuocNsncgBDd
157.185.10.72,TDuoJhgRHdztyl,BqmdYsvzKM
113.5.206.191,RWihfkA,gegSQzSIg
135.78.121.150,tRmnBXkfuKBIBD,TNnhLwUrn
109.44.124.202,olenZnO,aXInr
44.207.208.53,bXlfunNjMLKH,XSJnEnBV
74.74.34.67,dgmtbCV,mJpaGOYcCCeEJUL
119.194.41.115,ZStcBObScqm,vqEsP
147.116.113.19,xeCsGZgVhPyulm,BzkaxMQbQmS
57.163.236.205,zUyIZNYts,OoKSpTSkz
89.180.51.2,beHAVbZkW,rkzagWPSG
95.9.241.100,ttiPi,NSExpoRvlK
149.64.142.177,lPCXppNtAziaAI,BAJMFvt
25.74.207.70,iVFfCG,HogrmMn
175.195.49.30,BGcUKFM,vSxVpriFQRstU
40.94.117.118,TGuBJeqJD,hXOViaPPHuUzN
213.228.42.166,NlKAbbcYOLNfMXm,DYLFD
101.247.191.70,koTPthj,MHjGIp
72.238.152.214,TSlZE,VTAiSIoajQVGy
87.110.179.109,JmpBXgty,RcTxemQijbqTpyS
98.12.77.74,JEjrXdUEcv,SDrVFZnPlI
40.190.108.214,pNZRhIsBx,GwRLc
75.47.40.69,ZcVHPWoduCvYBBJ,OEeteq
